{
  "intercept": -0.089722,
  "coef": {
    "per": 0.002963,
    "bpm": 0.004288,
    "team_wins": 0.00075,
    "ppg": 0.001822,
    "ts": 0.134659
  },
  "metrics": {
    "r2": 0.8059,
    "mae": 0.01,
    "n": 2365
  }
}